{
  "mae": 8.173194226640167,
  "rmse": 12.514290938098213,
  "best_order": [
    2,
    1,
    1
  ],
  "best_aic": 18899.889273144192,
  "train_size": 1999,
  "test_size": 7
}