{
  "mae": 24.51993303571427,
  "rmse": 28.71982946588667,
  "window_size": 20,
  "epochs": 80,
  "hidden_dim": 64,
  "num_layers": 2,
  "dropout": 0.2,
  "batch_size": 16,
  "learning_rate": 0.001,
  "train_loss_history": [
    0.03782876686102921,
    0.0013857603802124128,
    0.0012129497556616702,
    0.0011877830514887108,
    0.001056382434692369,
    0.0009965605762948643,
    0.0009321554279003683,
    0.0009441082824665618,
    0.0008246108112460558,
    0.0008215597957924699,
    0.0007817364278326427,
    0.0007211518780334905,
    0.0008421101585789133,
    0.0006916090245677849,
    0.0006410641134049999,
    0.0006688659994970001,
    0.000622872479946255,
    0.0005615487076988023,
    0.0005928897670885142,
    0.0005857292796257928,
    0.0005812026212234125,
    0.0004930689336164974,
    0.0004865055618152368,
    0.0005178681528172268,
    0.00048231099894873033,
    0.00041788569503677857,
    0.0004831864851204896,
    0.0004459646228379795,
    0.0004424993272667991,
    0.0004257950871350101,
    0.0004367499102720044,
    0.0005108284175578099,
    0.0004153374464646819,
    0.00043683233419752437,
    0.00041266673067565855,
    0.00039874723200139875,
    0.00037815145298091305,
    0.0003429929244204334,
    0.0004109831211427527,
    0.0003569661677184124,
    0.0003498732526608247,
    0.0003386936633403586,
    0.00035175395210136493,
    0.00032596875679436995,
    0.0003048319214881743,
    0.0003418705584349922,
    0.0003337720287574132,
    0.0003663230987337057,
    0.000323779932636347,
    0.0003154862168289143,
    0.00033462370060254715,
    0.0003181496367394556,
    0.0003117510573687351,
    0.0003405708677981297,
    0.0003489687662236505,
    0.00029708421319693084,
    0.0002951865374803498,
    0.00029530250849934566,
    0.00027998419394744783,
    0.00030892419900121766,
    0.00029861640752877123,
    0.0002683011115873195,
    0.000279081292495492,
    0.00031621468881513144,
    0.0002905802414334762,
    0.0003195345325366361,
    0.00027927173930713194,
    0.0002781823694667471,
    0.00029798658796343876,
    0.00027842575608731077,
    0.0003110033811671817,
    0.0002722277787113619,
    0.00036131721126073373,
    0.0002773804164110428,
    0.0002668484678818664,
    0.00027660633173992767,
    0.0002543860701412233,
    0.0002643415125696206,
    0.00028545244311962666,
    0.0003078217423535534
  ],
  "train_size": 1999,
  "test_size": 7
}