{
  "accuracy": 0.89532,
  "precision": 0.8921514165542417,
  "recall": 0.89936,
  "f1-score": 0.8957412055296602,
  "confusion_matrix": [
    [
      11141,
      1359
    ],
    [
      1258,
      11242
    ]
  ]
}