{
  "accuracy": 0.84,
  "precision": 0.8503132212331025,
  "recall": 0.82528,
  "f1-score": 0.8376096135108801,
  "confusion_matrix": [
    [
      10684,
      1816
    ],
    [
      2184,
      10316
    ]
  ],
  "train_loss": [
    0.6437923524843152,
    0.5742182295645595,
    0.5395399851872184,
    0.40531933311458745,
    0.26688862721557205,
    0.20493092431741602,
    0.14474818566837883,
    0.09157468691287214
  ],
  "test_accuracy_by_epoch": [
    0.66404,
    0.71668,
    0.73632,
    0.80944,
    0.81936,
    0.84004,
    0.8386,
    0.84
  ],
  "test_f1_by_epoch": [
    0.6769491134274395,
    0.7132504756892434,
    0.7453843182696022,
    0.8170787897404392,
    0.809016324114015,
    0.8369019943717118,
    0.8325517699298668,
    0.8376096135108801
  ],
  "model_config": {
    "max_length": 256,
    "vocab_size": 30000,
    "embedding_dim": 128,
    "hidden_dim": 128,
    "batch_size": 64,
    "epochs": 8,
    "device": "cuda",
    "used_gpu": true
  }
}