{
  "accuracy": 0.89012,
  "precision": 0.8907138851053601,
  "recall": 0.88936,
  "f1-score": 0.8900364276850407,
  "confusion_matrix": [
    [
      11136,
      1364
    ],
    [
      1383,
      11117
    ]
  ]
}